[
  {
    "icon": "fa fa-home",
    "slug": "external",
    "title": "Volver al inicio",
    "path": "index.html"
  },  
  { 
    "id": 1,
    "icon": "fa fa-file-text",
    "slug": "introduccion",
    "title": "Introducción",
    "breadcrumb": ["Inicio","Introducción"],
    "path": "pages/introduccion.html"
  },  
  { 
    "id": 1,
    "icon": "fa fa-file-text",
    "slug": "Control_de_calidad_en_los_procesos_de_confeccion_e_insumos",
    "title": "1. Control de calidad en los procesos de confección e insumos",
    "breadcrumb": ["Inicio","Introducción"],
    "path": "pages/1-tema.html",    
    "submenu": [
      {
        "icon": "fa fa-file-text",
        "slug": "Control_de_calidad_en_los_procesos_de_confeccion_e_insumos",
        "title": "1.1. Control de calidad en patronaje",
        "anchor": "11"
      },   
      {
        "icon": "fa fa-file-text",
        "slug": "Control_de_calidad_en_los_procesos_de_confeccion_e_insumos",
        "title": "1.2. Control de calidad en trazo y corte",
        "anchor": "12"
      },   
      {
        "icon": "fa fa-file-text",
        "slug": "Control_de_calidad_en_los_procesos_de_confeccion_e_insumos",
        "title": "1.3. Control de calidad en confección",
        "anchor": "13"
      },   
      {
        "icon": "fa fa-file-text",
        "slug": "Control_de_calidad_en_los_procesos_de_confeccion_e_insumos",
        "title": "1.4. Control de calidad en terminados",
        "anchor": "14"
      },   
      {
        "icon": "fa fa-file-text",
        "slug": "Control_de_calidad_en_los_procesos_de_confeccion_e_insumos",
        "title": "1.5. Control de calidad en insumos, materiales y textiles",
        "anchor": "15"
      }      
    ]   
  },
  { 
    "id": 1,
    "icon": "fa fa-file-text",
    "slug": "Inspeccion_y_muestreos",
    "title": "2. Inspección y muestreos",
    "breadcrumb": ["Inicio","Introducción"],
    "path": "pages/2-tema.html",    
    "submenu": [
      {
        "icon": "fa fa-file-text",
        "slug": "Inspeccion_y_muestreos",
        "title": "2.1. Métodos de inspección",
        "anchor": "21"
      },   
      {
        "icon": "fa fa-file-text",
        "slug": "Inspeccion_y_muestreos",
        "title": "2.2. Técnicas de muestreo",
        "anchor": "22"
      }             
    ]   
  }
]